lung-1vs5,20,0.9568345323741008,0.0
lung-1vs5,20,0.9448441247002398,0.0
lung-1vs5,20,0.9520383693045564,0.0
lung-1vs5,20,0.9496402877697842,0.0
lung-1vs5,20,0.9364508393285372,0.0
lung-1vs5,20,0.947242206235012,0.0
lung-1vs5,20,0.9352517985611511,0.0
lung-1vs5,20,0.9484412470023981,0.0
lung-1vs5,20,0.9532374100719424,0.0
lung-1vs5,20,0.9460431654676259,0.0
lung-1vs5,20,0.9470023980815349,0.006519077802910386
lung-1vs5,20,(0.9568345323741008, 0.45447052947052946),0.0
secom,20,(0.504902991745097, 0.09077717036103872),0.0
ad,20,(0.8597807444490799, 0.6046219932957688),0.0
apascal,20,(0.8325896909424947, 0.04111090344510156),0.0
lung-1vs5,20,0.9568345323741008,0.0
lung-1vs5,20,0.9448441247002398,0.0
lung-1vs5,20,0.9520383693045564,0.0
lung-1vs5,20,0.9496402877697842,0.0
lung-1vs5,20,0.9364508393285372,0.0
lung-1vs5,20,0.947242206235012,0.0
lung-1vs5,20,0.9352517985611511,0.0
lung-1vs5,20,0.9484412470023981,0.0
lung-1vs5,20,0.9532374100719424,0.0
lung-1vs5,20,0.9460431654676259,0.0
lung-1vs5,20,0.9470023980815349,0.006519077802910386
lung-1vs5,20,0.9484412470023981,0.0
secom,20,0.504902991745097,0.0
lung-1vs5,20,0.9448441247002397,0.0
lung-1vs5,20,0.9448441247002398,0.0
lung-1vs5,20,0.9556354916067147,0.0
secom,20,0.5109627214890372,0.0
lung-1vs5,20,0.9400479616306955,0.0
lung-1vs5,20,0.9412470023980816,0.0
lung-1vs5,20,0.9460431654676259,0.0
lung-1vs5,20,0.9448441247002397,0.0
secom,20,0.5012158893737841,0.0
lung-1vs5,20,0.9544364508393286,0.0
lung-1vs5,20,0.9508393285371703,0.0
lung-1vs5,20,0.9471223021582734,0.004927751220152187
lung-1vs5,20,0.9436450839328537,0.0
secom,20,0.5182712024817289,0.0
lung-1vs5,20,0.9496402877697842,0.0
lung-1vs5,20,0.9448441247002397,0.0
lung-1vs5,20,0.9508393285371703,0.0
ad,20,0.8597807444490799,0.0
secom,20,0.5085046532414954,0.0
lung-1vs5,20,0.9436450839328537,0.0
lung-1vs5,20,0.9448441247002398,0.0
lung-1vs5,20,0.9400479616306954,0.0
secom,20,0.5003023292496976,0.0
lung-1vs5,20,0.9520383693045563,0.0
lung-1vs5,20,0.9436450839328536,0.0
lung-1vs5,20,0.9460431654676259,0.0
lung-1vs5,20,0.9459232613908874,0.0035750723059653866
secom,20,0.5215836794784163,0.0
ad,20,0.8528198828782891,0.0
apascal,20,0.8325896909424947,0.0
lung-1vs5,20,0.9460431654676259,0.0
lung-1vs5,20,0.9388489208633093,0.0
secom,20,0.5124283611125717,0.0
lung-1vs5,20,0.9460431654676259,0.0
lung-1vs5,20,0.9532374100719424,0.0
secom,20,0.5230624638519376,0.0
lung-1vs5,20,0.9412470023980816,0.0
lung-1vs5,20,0.9436450839328537,0.0
lung-1vs5,20,0.9424460431654677,0.0
ad,20,0.8540799456110262,0.0
secom,20,0.5100754508649246,0.0
secom,20,0.511130974288869,0.007527826977022641
lung-1vs5,20,0.9508393285371703,0.0
lung-1vs5,20,0.9448441247002397,0.0
lung-1vs5,20,0.947242206235012,0.0
lung-1vs5,20,0.9454436450839327,0.004092577497812003
secom,20,0.5101937536148062,0.0
lung-1vs5,20,0.947242206235012,0.0
lung-1vs5,20,0.9496402877697842,0.0
secom,20,0.5116988274883011,0.0
lung-1vs5,20,0.947242206235012,0.0
ad,20,0.8603315873236608,0.0
lung-1vs5,20,0.9508393285371703,0.0
lung-1vs5,20,0.9424460431654677,0.0
secom,20,0.5119814396130186,0.0
lung-1vs5,20,0.9436450839328537,0.0
lung-1vs5,20,0.9448441247002398,0.0
secom,20,0.49271123613228873,0.0
lung-1vs5,20,0.9520383693045564,0.0
ad,20,0.8661784020148643,0.0
lung-1vs5,20,0.9508393285371703,0.0
secom,20,0.5124612229875387,0.0
lung-1vs5,20,0.9532374100719425,0.0
lung-1vs5,20,0.9482014388489208,0.003508090848519878
lung-1vs5,20,0.947242206235012,0.0
secom,20,0.5254285188495715,0.0
lung-1vs5,20,0.9496402877697842,0.0
lung-1vs5,20,0.9520383693045564,0.0
ad,20,0.858636181028755,0.0
secom,20,0.5033256217466744,0.0
lung-1vs5,20,0.9556354916067147,0.0
lung-1vs5,20,0.9424460431654677,0.0
apascal,20,0.8475505867445119,0.0
secom,20,0.4985014985014985,0.0
lung-1vs5,20,0.9424460431654677,0.0
lung-1vs5,20,0.9436450839328537,0.0
secom,20,0.5169698722330301,0.0
lung-1vs5,20,0.9460431654676259,0.0
ad,20,0.8584986634527727,0.0
lung-1vs5,20,0.9520383693045563,0.0
lung-1vs5,20,0.9520383693045563,0.0
lung-1vs5,20,0.9483213429256596,0.004403925101248671
secom,20,0.5171013197328986,0.0
secom,20,0.5100373310899625,0.009086278739770744
lung-1vs5,20,0.9424460431654677,0.0
lung-1vs5,20,0.9508393285371703,0.0
secom,20,0.495865976129134,0.0
lung-1vs5,20,0.9556354916067147,0.0
ad,20,0.8572752978259863,0.0
secom,20,0.5201574741048426,0.0
lung-1vs5,20,0.9484412470023981,0.0
lung-1vs5,20,0.9508393285371702,0.0
secom,20,0.49869209737630793,0.0
lung-1vs5,20,0.947242206235012,0.0
lung-1vs5,20,0.9448441247002398,0.0
ad,20,0.868164681160092,0.0
secom,20,0.5284649560965351,0.0
lung-1vs5,20,0.9496402877697843,0.0
lung-1vs5,20,0.9508393285371702,0.0
secom,20,0.5133550659866449,0.0
lung-1vs5,20,0.9484412470023981,0.0
lung-1vs5,20,0.9489208633093525,0.0034418945070521247
lung-1vs5,20,0.9388489208633094,0.0
secom,20,0.5018862716231137,0.0
ad,20,0.8611026128339436,0.0
ad,20,0.8596867998578471,0.004509619121672362
lung-1vs5,20,0.9436450839328536,0.0
secom,20,0.4926718018823282,0.0
lung-1vs5,20,0.947242206235012,0.0
lung-1vs5,20,0.9484412470023981,0.0
apascal,20,0.8331974035829176,0.0
secom,20,0.5040814448709185,0.0
lung-1vs5,20,0.9436450839328537,0.0
lung-1vs5,20,0.9412470023980816,0.0
secom,20,0.5042457542457542,0.0
lung-1vs5,20,0.9436450839328536,0.0
ad,20,0.8640391538806225,0.0
lung-1vs5,20,0.9376498800959233,0.0
secom,20,0.5142686261107314,0.0
secom,20,0.5073689468426311,0.010799356846780201
lung-1vs5,20,0.9388489208633094,0.0
secom,20,0.531061044218939,0.0
lung-1vs5,20,0.9484412470023981,0.0
lung-1vs5,20,0.9431654676258994,0.003799275663730156
lung-1vs5,20,0.9460431654676259,0.0
ad,20,0.8654823158577851,0.0
secom,20,0.5173707871076292,0.0
lung-1vs5,20,0.947242206235012,0.0
lung-1vs5,20,0.9448441247002398,0.0
secom,20,0.5052513276197487,0.0
lung-1vs5,20,0.9532374100719425,0.0
secom,20,0.5127175456122824,0.0
lung-1vs5,20,0.9388489208633094,0.0
ad,20,0.86025819311176,0.0
lung-1vs5,20,0.9376498800959233,0.0
secom,20,0.5203086387296914,0.0
lung-1vs5,20,0.9448441247002398,0.0
secom,20,0.4976865240023134,0.0
lung-1vs5,20,0.9460431654676259,0.0
ad,20,0.859756022188229,0.0
lung-1vs5,20,0.9448441247002398,0.0
secom,20,0.5109035701140964,0.0
apascal,20,0.8458581592343275,0.0
lung-1vs5,20,0.9532374100719425,0.0
lung-1vs5,20,0.9456834532374101,0.004797661636389108
lung-1vs5,20,0.9364508393285371,0.0
secom,20,0.5094247857405751,0.0
ad,20,0.8629768692346915,0.0
lung-1vs5,20,0.9448441247002398,0.0
secom,20,0.5148798569851201,0.0
lung-1vs5,20,0.9484412470023981,0.0
secom,20,0.5070653031179346,0.0
secom,20,0.512666938324833,0.008649670013406987
lung-1vs5,20,0.9532374100719425,0.0
ad,20,0.8672785426227229,0.0
lung-1vs5,20,0.9412470023980816,0.0
secom,20,0.5269270203480729,0.0
lung-1vs5,20,0.9484412470023981,0.0
secom,20,0.5166412534833588,0.0
lung-1vs5,20,0.9424460431654677,0.0
ad,20,0.865157836184119,0.0
lung-1vs5,20,0.9496402877697842,0.0
secom,20,0.5139005731110994,0.0
lung-1vs5,20,0.9532374100719424,0.0
secom,20,0.5149915873600084,0.0
lung-1vs5,20,0.9460431654676259,0.0
lung-1vs5,20,0.9464028776978418,0.005060179339570555
ad,20,0.8642353868261253,0.0
lung-1vs5,20,0.9448441247002398,0.0
secom,20,0.5102791944897208,0.0
lung-1vs5,20,0.9460431654676259,0.0
apascal,20,0.8336312895308222,0.0
secom,20,0.4987775382512225,0.0
lung-1vs5,20,0.9508393285371703,0.0
ad,20,0.8585716713793476,0.0
secom,20,0.5146826857353173,0.0
lung-1vs5,20,0.9496402877697842,0.0
lung-1vs5,20,0.9460431654676259,0.0
secom,20,0.5178965771071035,0.0
lung-1vs5,20,0.9448441247002398,0.0
ad,20,0.8556397657565784,0.0
ad,20,0.8623395757041982,0.0034524349300338033
secom,20,0.5073873494926127,0.0
lung-1vs5,20,0.9376498800959232,0.0
lung-1vs5,20,0.9496402877697842,0.0
secom,20,0.49917845312582154,0.0
secom,20,0.5120662232504338,0.008138211030990949
lung-1vs5,20,0.9472422062350119,0.0
secom,20,0.5065986644934013,0.0
lung-1vs5,20,0.9484412470023981,0.0
lung-1vs5,20,0.9465227817745804,0.0035650044957598504
ad,20,0.8656051545913873,0.0
lung-1vs5,20,0.9412470023980816,0.0
secom,20,0.5158525684841474,0.0
lung-1vs5,20,0.9424460431654677,0.0
secom,20,0.4925403543824596,0.0
lung-1vs5,20,0.9484412470023981,0.0
apascal,20,0.836628551873879,0.0
ad,20,0.8534499142446575,0.0
bank-additional-full_normalised,20,0.6728506182705407,0.0
secom,20,0.5172656291077344,0.0
lung-1vs5,20,0.9532374100719424,0.0
lung-1vs5,20,0.9508393285371702,0.0
secom,20,0.5162206214837793,0.0
ad,20,0.8546276982030008,0.0
lung-1vs5,20,0.9436450839328537,0.0
secom,20,0.5204598033545402,0.0
lung-1vs5,20,0.9424460431654677,0.0
secom,20,0.5105157999894843,0.0
lung-1vs5,20,0.9532374100719424,0.0
ad,20,0.8582441014230751,0.0
lung-1vs5,20,0.9532374100719424,0.0
secom,20,0.5130067301119934,0.0
lung-1vs5,20,0.9484412470023981,0.0
lung-1vs5,20,0.9477218225419664,0.004650052621022829
secom,20,0.5117448341132551,0.0
ad,20,0.852644509340379,0.0
lung-1vs5,20,0.9424460431654675,0.0
secom,20,0.5055996634944003,0.0
secom,20,0.5109804669015194,0.007573998811476717
lung-1vs5,20,0.947242206235012,0.0
apascal,20,0.8492815919801902,0.0
lung-1vs5,20,0.9496402877697842,0.0
ad,20,0.8607016486657705,0.0
secom,20,0.517245911982754,0.0
lung-1vs5,20,0.9520383693045564,0.0
secom,20,0.5110481623639519,0.0
lung-1vs5,20,0.9436450839328537,0.0
ad,20,0.8629992737835875,0.0
lung-1vs5,20,0.9484412470023982,0.0
secom,20,0.5167398391082602,0.0
lung-1vs5,20,0.946043165467626,0.0
secom,20,0.5024054892475945,0.0
ad,20,0.860319998763887,0.0
lung-1vs5,20,0.9364508393285372,0.0
secom,20,0.5108444187391556,0.0
lung-1vs5,20,0.9508393285371702,0.0
secom,20,0.5114293601135707,0.0
lung-1vs5,20,0.9520383693045564,0.0
lung-1vs5,20,0.9468824940047963,0.004676258992805763
ad,20,0.8583364236159396,0.0
lung-1vs5,20,0.9412470023980816,0.0
secom,20,0.5101937536148062,0.0
apascal,20,0.8469396971149308,0.0
lung-1vs5,20,0.9436450839328536,0.0
secom,20,0.5141503233608496,0.0
ad,20,0.8635802469135803,0.0
ad,20,0.8590508969545265,0.0042016362571796325
lung-1vs5,20,0.946043165467626,0.0
secom,20,0.5014722119985278,0.0
lung-1vs5,20,0.9508393285371703,0.0
lung-1vs5,20,0.9436450839328536,0.0
secom,20,0.5148272779851727,0.0
secom,20,0.5110356748514644,0.005118811427914278
ad,20,0.867763716991919,0.0
lung-1vs5,20,0.9460431654676259,0.0
secom,20,0.5162534833587465,0.0
lung-1vs5,20,0.9460431654676259,0.0
secom,20,0.5256651243493349,0.0
ad,20,0.8554613019360621,0.0
lung-1vs5,20,0.9496402877697842,0.0
lung-1vs5,20,0.9460431654676259,0.0
secom,20,0.5137231189862769,0.0
lung-1vs5,20,0.9508393285371702,0.0
lung-1vs5,20,0.9464028776978418,0.003035728753278712
ad,20,0.8553025386671611,0.0
secom,20,0.5141568957358431,0.0
apascal,20,0.8357884651693063,0.0
lung-1vs5,20,0.9412470023980816,0.0
secom,20,0.5202494873547505,0.0
lung-1vs5,20,0.9412470023980816,0.0
ad,20,0.8543198287983436,0.0
secom,20,0.5080380146169621,0.0
lung-1vs5,20,0.9424460431654677,0.0
lung-1vs5,20,0.9448441247002398,0.0
secom,20,0.4988958410011042,0.0
ad,20,0.8596084611937762,0.0
lung-1vs5,20,0.9412470023980816,0.0
secom,20,0.5090172984909827,0.0
lung-1vs5,20,0.947242206235012,0.0
ad,20,0.8620351056104081,0.0
secom,20,0.5147155476102845,0.0
lung-1vs5,20,0.9400479616306955,0.0
secom,20,0.5124283611125716,0.0
secom,20,0.5133143172616857,0.006834466599499569
lung-1vs5,20,0.9400479616306954,0.0
apascal,20,0.8247121193966989,0.0
apascal,20,0.8386177555570079,0.007817302548531323
ad,20,0.8572667995488188,0.0
lung-1vs5,20,0.947242206235012,0.0
secom,20,0.5149652978600348,0.0
lung-1vs5,20,0.946043165467626,0.0
lung-1vs5,20,0.9431654676258994,0.0027447297703260495
secom,20,0.5119551501130448,0.0
ad,20,0.8626392558599483,0.0
lung-1vs5,20,0.9448441247002398,0.0
secom,20,0.5246464062253536,0.0
lung-1vs5,20,0.9532374100719425,0.0
secom,20,0.5110941689889058,0.0
ad,20,0.8654112393578393,0.0
lung-1vs5,20,0.9460431654676259,0.0
lung-1vs5,20,0.9544364508393286,0.0
secom,20,0.5074333561175666,0.0
ad,20,0.8550070303929294,0.0
ad,20,0.8594815278357206,0.004532766332124186
lung-1vs5,20,0.9460431654676259,0.0
secom,20,0.5174693727325307,0.0
lung-1vs5,20,0.9496402877697843,0.0
apascal,20,0.8378058532848252,0.0
secom,20,0.4930201377569798,0.0
lung-1vs5,20,0.9460431654676259,0.0
secom,20,0.5114293601135707,0.0
ad,20,0.8610624391600612,0.0
lung-1vs5,20,0.9508393285371702,0.0
secom,20,0.5055273673694726,0.0
lung-1vs5,20,0.9376498800959232,0.0
ad,20,0.8577079373908743,0.0
lung-1vs5,20,0.9460431654676259,0.0
lung-1vs5,20,0.9474820143884892,0.004575247968426629
secom,20,0.5276171197223829,0.0
secom,20,0.5125157736999842,0.009295188942274333
lung-1vs5,20,0.9424460431654675,0.0
bank-additional-full_normalised,20,0.6770258608896,0.0
secom,20,0.5136048162363952,0.0
ad,20,0.8574120428313169,0.0
lung-1vs5,20,0.9448441247002398,0.0
secom,20,0.5117251169882748,0.0
lung-1vs5,20,0.947242206235012,0.0
apascal,20,0.8596031758999049,0.0
ad,20,0.8631105239574159,0.0
secom,20,0.514893001735107,0.0
lung-1vs5,20,0.9520383693045563,0.0
secom,20,0.4969044113780955,0.0
lung-1vs5,20,0.9460431654676259,0.0
ad,20,0.8482837342975016,0.0
lung-1vs5,20,0.947242206235012,0.0
secom,20,0.50232004837268,0.0
lung-1vs5,20,0.9424460431654677,0.0
u2r,20,0.9785433497760873,0.0
secom,20,0.5152347652347652,0.0
ad,20,0.8641994622908266,0.0
lung-1vs5,20,0.947242206235012,0.0
secom,20,0.5022674693727325,0.0
lung-1vs5,20,0.9388489208633094,0.0
ad,20,0.8603292696117061,0.0
secom,20,0.5138217046111783,0.0
lung-1vs5,20,0.947242206235012,0.0
lung-1vs5,20,0.9455635491606715,0.0034418945070521048
apascal,20,0.8317014955449534,0.0
secom,20,0.5061780324938221,0.0
lung-1vs5,20,0.9400479616306954,0.0
ad,20,0.8594014122591511,0.0
secom,20,0.5002563226247436,0.0
secom,20,0.5077205689047795,0.0065557390078153565
lung-1vs5,20,0.9460431654676259,0.0
ad,20,0.8560051916747787,0.0
lung-1vs5,20,0.9520383693045564,0.0
secom,20,0.510943004364057,0.0
lung-1vs5,20,0.9532374100719425,0.0
secom,20,0.5039368526210631,0.0
ad,20,0.8594377230797756,0.0
ad,20,0.8586949736553408,0.0042115556764883415
probe,20,0.9973868187005246,0.0
lung-1vs5,20,0.9424460431654677,0.0
secom,20,0.5086558178663442,0.0
lung-1vs5,20,0.9520383693045564,0.0
secom,20,0.5085900941164099,0.0
ad,20,0.8652845377709792,0.0
lung-1vs5,20,0.9460431654676259,0.0
apascal,20,0.8375598635528542,0.0
secom,20,0.5044757873705242,0.0
lung-1vs5,20,0.9436450839328537,0.0
ad,20,0.8611265625241429,0.0
lung-1vs5,20,0.9508393285371703,0.0
secom,20,0.5041734581208265,0.0
lung-1vs5,20,0.9436450839328536,0.0
lung-1vs5,20,0.9470023980815349,0.004447778654914055
secom,20,0.5071901782428099,0.0
ad,20,0.8634589533212813,0.0
lung-1vs5,20,0.9412470023980816,0.0
secom,20,0.5281429097218571,0.0
lung-1vs5,20,0.9448441247002398,0.0
ad,20,0.8618141504040546,0.0
secom,20,0.5259214469740785,0.0
lung-1vs5,20,0.9496402877697843,0.0
secom,20,0.5160957463589042,0.0
secom,20,0.5118125295756875,0.008371197186182441
apascal,20,0.8438217091838587,0.0
ad,20,0.8632627203757783,0.0
lung-1vs5,20,0.9508393285371703,0.0
secom,20,0.5219845943530155,0.0
lung-1vs5,20,0.9460431654676259,0.0
ad,20,0.858462738917474,0.0
secom,20,0.5158525684841474,0.0
lung-1vs5,20,0.946043165467626,0.0
secom,20,0.5032993322467006,0.0
ad,20,0.8568998284893153,0.0
lung-1vs5,20,0.9448441247002399,0.0
lung-1vs5,20,0.9472422062350119,0.0
secom,20,0.5195396708554604,0.0
ad,20,0.8649276101299465,0.0
lung-1vs5,20,0.9460431654676259,0.0
secom,20,0.5276302644723697,0.0
apascal,20,0.8430197463491855,0.0
lung-1vs5,20,0.946043165467626,0.0
lung-1vs5,20,0.9462829736211033,0.0025036706256380287
ad,20,0.8603717609975432,0.0
secom,20,0.5048767022451233,0.0
lung-1vs5,20,0.9424460431654677,0.0
secom,20,0.5193622167306378,0.0
ad,20,0.8555346961479628,0.0
ad,20,0.8611143559078478,0.0031466038367195565
lung-1vs5,20,0.9484412470023982,0.0
secom,20,0.5000788684999211,0.0
lung-1vs5,20,0.9484412470023981,0.0
secom,20,0.49488011988011993,0.0
lung-1vs5,20,0.9484412470023982,0.0
ad,20,0.8602350159922125,0.0
secom,20,0.5175285241074715,0.0
secom,20,0.5125032861874967,0.01029352572423033
lung-1vs5,20,0.9424460431654677,0.0
ad,20,0.8596308657426721,0.0
apascal,20,0.8232393579940309,0.0
secom,20,0.5229835953520163,0.0
lung-1vs5,20,0.9496402877697842,0.0
lung-1vs5,20,0.9508393285371703,0.0
secom,20,0.5001774541248225,0.0
ad,20,0.8585469491184969,0.0
bank-additional-full_normalised,20,0.6777383745230645,0.0
lung-1vs5,20,0.947242206235012,0.0
secom,20,0.517535096482465,0.0
lung-1vs5,20,0.947242206235012,0.0
ad,20,0.8614518147684606,0.0
secom,20,0.4957542457542457,0.0
lung-1vs5,20,0.9436450839328537,0.0
lung-1vs5,20,0.9468824940047963,0.002839980643243897
secom,20,0.5180345969819655,0.0
ad,20,0.8585685810967412,0.0
lung-1vs5,20,0.935251798561151,0.0
secom,20,0.516306062358694,0.0
apascal,20,0.847582810491689,0.0
lung-1vs5,20,0.9436450839328536,0.0
ad,20,0.8650280443146525,0.0
secom,20,0.5264275198485725,0.0
lung-1vs5,20,0.9532374100719425,0.0
secom,20,0.5212287712287712,0.0
ad,20,0.8615514763825152,0.0
lung-1vs5,20,0.9484412470023982,0.0
secom,20,0.5115739523634261,0.0
lung-1vs5,20,0.9376498800959233,0.0
ad,20,0.8595597892427262,0.0
secom,20,0.5048306956201694,0.0
secom,20,0.5134851990115148,0.00965804402505006
lung-1vs5,20,0.9424460431654675,0.0
secom,20,0.509083022240917,0.0
lung-1vs5,20,0.9412470023980816,0.0
ad,20,0.8649809175049059,0.0
apascal,20,0.8379388329738797,0.0
secom,20,0.5066249539933749,0.0
lung-1vs5,20,0.9484412470023981,0.0
ad,20,0.8635756114896707,0.0
ad,20,0.8613129065653053,0.002338781092989402
secom,20,0.5137954151112045,0.0
lung-1vs5,20,0.9520383693045563,0.0
secom,20,0.5339923234660077,0.0
lung-1vs5,20,0.9496402877697842,0.0
lung-1vs5,20,0.9452038369304555,0.005776589674074787
ad,20,0.8623433613003908,0.0
secom,20,0.500446921499553,0.0
lung-1vs5,20,0.946043165467626,0.0
lung-1vs5,20,0.9436450839328537,0.0
secom,20,0.5100688784899311,0.0
ad,20,0.8610299911926945,0.0
secom,20,0.5156751143593249,0.0
lung-1vs5,20,0.9484412470023981,0.0
apascal,20,0.8528166732021872,0.0
apascal,20,0.841508951847737,0.009858026457863255
ad,20,0.8609241490134273,0.0
lung-1vs5,20,0.9544364508393285,0.0
secom,20,0.5237854251012145,0.0
lung-1vs5,20,0.9400479616306955,0.0
secom,20,0.5056193806193806,0.0
ad,20,0.8585399959826325,0.0
lung-1vs5,20,0.9388489208633094,0.0
secom,20,0.5198682896051318,0.0
secom,20,0.5138959724486041,0.00938385005688962
ad,20,0.8620822324201548,0.0
lung-1vs5,20,0.9424460431654675,0.0
secom,20,0.5227667069772333,0.0
lung-1vs5,20,0.947242206235012,0.0
ad,20,0.8656399202707088,0.0
secom,20,0.5119025711130974,0.0
apascal,20,0.8313438573368479,0.0
lung-1vs5,20,0.9496402877697842,0.0
secom,20,0.5019651401230348,0.0
ad,20,0.8610334677606267,0.0
lung-1vs5,20,0.9508393285371702,0.0
lung-1vs5,20,0.9461630695443646,0.00468854071846932
secom,20,0.4952547452547453,0.0
lung-1vs5,20,0.9448441247002398,0.0
ad,20,0.8527696657859362,0.0
secom,20,0.49455150113044855,0.0
lung-1vs5,20,0.9424460431654677,0.0
secom,20,0.5230427467269573,0.0
ad,20,0.8620327878984533,0.0
lung-1vs5,20,0.9460431654676259,0.0
secom,20,0.5215902518534097,0.0
apascal,20,0.8304733623074745,0.0
lung-1vs5,20,0.9532374100719424,0.0
ad,20,0.8627682751587632,0.0
ad,20,0.8609163846783787,0.00320040674522485
secom,20,0.5195133813554866,0.0
lung-1vs5,20,0.9364508393285372,0.0
secom,20,0.5181594721068405,0.0
lung-1vs5,20,0.9424460431654675,0.0
ad,20,0.8623155487569338,0.0
secom,20,0.5081891792418107,0.0
secom,20,0.5116935695883064,0.010598924918832851
lung-1vs5,20,0.9388489208633094,0.0
ad,20,0.8568789690817225,0.0
secom,20,0.5302986487197014,0.0
lung-1vs5,20,0.9460431654676259,0.0
bank-additional-full_normalised,20,0.6799722341993335,0.0
secom,20,0.5137954151112046,0.0
apascal,20,0.8221614509581798,0.0
lung-1vs5,20,0.9532374100719424,0.0
ad,20,0.8610133809236855,0.0
secom,20,0.504856985120143,0.0
lung-1vs5,20,0.9508393285371702,0.0
lung-1vs5,20,0.945443645083933,0.0054222633355371485
ad,20,0.8671317541989214,0.0
secom,20,0.5230558914769441,0.0
lung-1vs5,20,0.9400479616306954,0.0
secom,20,0.5181726168568275,0.0
ad,20,0.857682442559372,0.0
lung-1vs5,20,0.9508393285371702,0.0
secom,20,0.5016036594983964,0.0
lung-1vs5,20,0.9496402877697842,0.0
ad,20,0.8585624005315287,0.0
secom,20,0.523838004101162,0.0
apascal,20,0.8376061568234465,0.0
lung-1vs5,20,0.9508393285371703,0.0
ad,20,0.8702506219193744,0.0
secom,20,0.4975550765024449,0.0
lung-1vs5,20,0.947242206235012,0.0
secom,20,0.512941006362059,0.0
lung-1vs5,20,0.9412470023980816,0.0
ad,20,0.8586651524281896,0.0
u2r,20,0.9760245306547772,0.0
lung-1vs5,20,0.9436450839328537,0.0
secom,20,0.5240877543509123,0.0
secom,20,0.5150205058099795,0.010305646285839881
ad,20,0.85346806965497,0.0
lung-1vs5,20,0.9484412470023981,0.0
secom,20,0.5101214574898785,0.0
apascal,20,0.8354380886507055,0.0
lung-1vs5,20,0.9460431654676259,0.0
ad,20,0.8652327755373228,0.0
ad,20,0.8611201115592021,0.004886592331993105
secom,20,0.5188167096061833,0.0
lung-1vs5,20,0.9508393285371702,0.0
lung-1vs5,20,0.9468824940047963,0.003831305829417383
secom,20,0.511895998738104,0.0
lung-1vs5,20,0.9340527577937651,0.0
ad,20,0.8630800074166782,0.0
secom,20,0.5103317734896682,0.0
lung-1vs5,20,0.947242206235012,0.0
secom,20,0.5110744518639255,0.0
ad,20,0.8558228650010044,0.0
lung-1vs5,20,0.9484412470023981,0.0
secom,20,0.5018665544981336,0.0
apascal,20,0.8560426787646414,0.0
ad,20,0.8604636969050818,0.0
lung-1vs5,20,0.9532374100719425,0.0
secom,20,0.5106735369893265,0.0
lung-1vs5,20,0.9508393285371702,0.0
ad,20,0.8593318809005083,0.0
secom,20,0.5092539039907461,0.0
lung-1vs5,20,0.9436450839328536,0.0
secom,20,0.5220634628529366,0.0
ad,20,0.8689990574638051,0.0
probe,20,0.9972489153625761,0.0
lung-1vs5,20,0.9484412470023981,0.0
secom,20,0.5142883432357117,0.0
secom,20,0.5120386192754613,0.005216598864627405
ad,20,0.8623773544090606,0.0
lung-1vs5,20,0.9436450839328537,0.0
secom,20,0.5089515747410484,0.0
apascal,20,0.8346865037869711,0.0
lung-1vs5,20,0.9496402877697842,0.0
secom,20,0.5143672117356328,0.0
ad,20,0.861869002920317,0.0
lung-1vs5,20,0.947242206235012,0.0
lung-1vs5,20,0.9466426858513189,0.00503739845026378
secom,20,0.507715968242284,0.0
ad,20,0.8622923716373861,0.0
lung-1vs5,20,0.9460431654676259,0.0
secom,20,0.5118894263631105,0.0
lung-1vs5,20,0.9436450839328537,0.0
ad,20,0.859266984965775,0.0
secom,20,0.530692991219307,0.0
lung-1vs5,20,0.9508393285371703,0.0
apascal,20,0.8618375069893762,0.0
secom,20,0.5135653819864345,0.0
ad,20,0.8515891778303126,0.0
ad,20,0.8605092399449928,0.004377959304235803
lung-1vs5,20,0.9496402877697842,0.0
secom,20,0.4955373573794627,0.0
lung-1vs5,20,0.9376498800959232,0.0
ad,20,0.8618288292464346,0.0
secom,20,0.49127188600872806,0.0
bank-additional-full_normalised,20,0.6727346866473187,0.0
lung-1vs5,20,0.9508393285371702,0.0
secom,20,0.5041143067458858,0.0
ad,20,0.8578891052086713,0.0
lung-1vs5,20,0.9376498800959232,0.0
secom,20,0.5063817761186182,0.0
secom,20,0.5084487880540512,0.01026377577013002
apascal,20,0.8583051489009433,0.0
lung-1vs5,20,0.947242206235012,0.0
ad,20,0.8590027658029327,0.0
secom,20,0.5178242809821757,0.0
lung-1vs5,20,0.9460431654676259,0.0
ad,20,0.8684343083174957,0.0
secom,20,0.5051593143698407,0.0
lung-1vs5,20,0.947242206235012,0.0
lung-1vs5,20,0.9456834532374101,0.004551619399544941
secom,20,0.4985803670014196,0.0
ad,20,0.8625998547567174,0.0
lung-1vs5,20,0.9484412470023981,0.0
secom,20,0.5251853409748146,0.0
lung-1vs5,20,0.9448441247002397,0.0
ad,20,0.858498277167447,0.0
apascal,20,0.8224777883072276,0.0
apascal,20,0.8390372542825814,0.013804912404466851
secom,20,0.516338924233661,0.0
lung-1vs5,20,0.9496402877697842,0.0
ad,20,0.8620683261484262,0.0
secom,20,0.5050344392449656,0.0
lung-1vs5,20,0.9508393285371703,0.0
secom,20,0.5116396761133604,0.0
ad,20,0.8602836879432623,0.0
lung-1vs5,20,0.9508393285371702,0.0
secom,20,0.5089844366160157,0.0
lung-1vs5,20,0.9532374100719424,0.0
ad,20,0.8565166334461286,0.0
apascal,20,0.8489539082412915,0.0
secom,20,0.5067366843682632,0.0
lung-1vs5,20,0.946043165467626,0.0
ad,20,0.8592047930283224,0.0
ad,20,0.8606326581065838,0.0031948243782166778
secom,20,0.5097073978652926,0.0
secom,20,0.5105190861769808,0.007226708861768333
lung-1vs5,20,0.9544364508393285,0.0
secom,20,0.5238248593511752,0.0
lung-1vs5,20,0.9460431654676258,0.0
ad,20,0.864786615986032,0.0
secom,20,0.5164835164835164,0.0
lung-1vs5,20,0.9436450839328537,0.0
lung-1vs5,20,0.948800959232614,0.003435623209087385
ad,20,0.8598649546501027,0.0
secom,20,0.505639097744361,0.0
lung-1vs5,20,0.9412470023980816,0.0
apascal,20,0.8464454483730185,0.0
secom,20,0.5054484988695516,0.0
lung-1vs5,20,0.9400479616306954,0.0
ad,20,0.867302492312922,0.0
secom,20,0.5039237078710763,0.0
lung-1vs5,20,0.9484412470023981,0.0
ad,20,0.8648063165376475,0.0
secom,20,0.4846863662653137,0.0
lung-1vs5,20,0.9520383693045564,0.0
ad,20,0.8645637293530494,0.0
lung-1vs5,20,0.9460431654676259,0.0
secom,20,0.5076436721173564,0.0
apascal,20,0.8163684381558214,0.0
lung-1vs5,20,0.9448441247002398,0.0
secom,20,0.5267627109732373,0.0
ad,20,0.8611381510839167,0.0
lung-1vs5,20,0.9400479616306955,0.0
secom,20,0.5017613964982387,0.0
ad,20,0.8623897155394862,0.0
lung-1vs5,20,0.9400479616306954,0.0
secom,20,0.5016628108733372,0.0
secom,20,0.5077836637047164,0.011512603253405645
ad,20,0.8561612509463989,0.0
lung-1vs5,20,0.9496402877697842,0.0
secom,20,0.5215573899784426,0.0
apascal,20,0.8462511981787684,0.0
lung-1vs5,20,0.9448441247002398,0.0
lung-1vs5,20,0.944724220623501,0.004134517901574759
ad,20,0.8545937050943309,0.0
bank-additional-full_normalised,20,0.680672948281523,0.0
secom,20,0.5067498291182502,0.0
lung-1vs5,20,0.9436450839328537,0.0
secom,20,0.4982583206267417,0.0
ad,20,0.8578593612385854,0.0
ad,20,0.8613466292742471,0.003969924502176899
lung-1vs5,20,0.9424460431654677,0.0
secom,20,0.5229178716020821,0.0
lung-1vs5,20,0.9436450839328537,0.0
ad,20,0.8615391152520898,0.0
secom,20,0.5121588937378411,0.0
lung-1vs5,20,0.9496402877697842,0.0
apascal,20,0.8286166390722465,0.0
secom,20,0.5269598822230401,0.0
ad,20,0.8576206369072451,0.0
lung-1vs5,20,0.9436450839328536,0.0
secom,20,0.505179031494821,0.0
ad,20,0.8619980222191319,0.0
lung-1vs5,20,0.9412470023980816,0.0
secom,20,0.5213470739786529,0.0
lung-1vs5,20,0.9424460431654675,0.0
ad,20,0.8625001931426628,0.0
secom,20,0.5004600662495399,0.0
lung-1vs5,20,0.9388489208633094,0.0
apascal,20,0.8444167138676485,0.0
ad,20,0.8587385466400902,0.0
secom,20,0.5110875966139125,0.0
secom,20,0.5126675955623324,0.009561402140995313
lung-1vs5,20,0.9436450839328536,0.0
u2r,20,0.9790661071671471,0.0
secom,20,0.5220897523529102,0.0
ad,20,0.8637162193482593,0.0
lung-1vs5,20,0.9424460431654677,0.0
lung-1vs5,20,0.9431654676258994,0.0025828128571388337
secom,20,0.5046400967453599,0.0
lung-1vs5,20,0.9448441247002398,0.0
ad,20,0.8617291676323799,0.0
secom,20,0.5037396813712602,0.0
lung-1vs5,20,0.947242206235012,0.0
ad,20,0.8575140221573263,0.0
apascal,20,0.8426239842711806,0.0
secom,20,0.5184880908565119,0.0
lung-1vs5,20,0.947242206235012,0.0
secom,20,0.4990075713759924,0.0
ad,20,0.857678579706114,0.0
lung-1vs5,20,0.9532374100719425,0.0
secom,20,0.5130527367369472,0.0
lung-1vs5,20,0.9508393285371703,0.0
ad,20,0.8606398430136436,0.0
ad,20,0.8603674346018944,0.0021747015836698974
secom,20,0.49459093538040916,0.0
lung-1vs5,20,0.9460431654676259,0.0
apascal,20,0.8403665065464131,0.0
secom,20,0.5222211998527788,0.0
ad,20,0.8709374372286346,0.0
lung-1vs5,20,0.9412470023980815,0.0
secom,20,0.5084520742415479,0.0
lung-1vs5,20,0.946043165467626,0.0
ad,20,0.8586860118357824,0.0
secom,20,0.5238117146011882,0.0
secom,20,0.5110093853514907,0.00993000797586367
lung-1vs5,20,0.9472422062350121,0.0
ad,20,0.8617314853443346,0.0
secom,20,0.533059046216941,0.0
lung-1vs5,20,0.9484412470023981,0.0
lung-1vs5,20,0.947242206235012,0.0030803915056751233
apascal,20,0.8401867797311723,0.0
ad,20,0.8604297037964121,0.0
secom,20,0.514708975235291,0.0
ad,20,0.8490991826202505,0.0
secom,20,0.5121457489878543,0.0
probe,20,0.9972845053653949,0.0
bank-additional-full_normalised,20,0.674309304627264,0.0
secom,20,0.5083994952416004,0.0
ad,20,0.8695506729090376,0.0
secom,20,0.5118434197381565,0.0
apascal,20,0.8432680053591268,0.0
apascal,20,0.8397497621796687,0.009409787007793309
ad,20,0.8585314977054652,0.0
secom,20,0.5249487354750513,0.0
ad,20,0.8576306803257159,0.0
secom,20,0.502412061622588,0.0
ad,20,0.857449126222593,0.0
secom,20,0.5075648036174352,0.0
secom,20,0.5179097218570903,0.0
ad,20,0.8598263261175235,0.0
ad,20,0.8603872124105749,0.005893962311408894
apascal,20,0.8451183746160381,0.0
secom,20,0.5065658026184342,0.0
secom,20,0.5139557810610442,0.008771004313989401
ad,20,0.8617210556405384,0.0
secom,20,0.5146826857353173,0.0
secom,20,0.49844234712655766,0.0
ad,20,0.8563737078755851,0.0
secom,20,0.49932304537567695,0.0
apascal,20,0.8362359667850322,0.0
ad,20,0.8565220414406898,0.0
secom,20,0.5018928439981072,0.0
ad,20,0.8611219271002333,0.0
secom,20,0.5170224512329775,0.0
ad,20,0.8601871166118141,0.0
secom,20,0.4882091592617908,0.0
apascal,20,0.8422913081207473,0.0
ad,20,0.8643369798668088,0.0
secom,20,0.5102463326147537,0.0
secom,20,0.5107918397392082,0.0
ad,20,0.8587555431944252,0.0
secom,20,0.5140385929859614,0.0
ad,20,0.8587273443656422,0.0
secom,20,0.5103120563646879,0.0
secom,20,0.5064961354435038,0.008681649725905438
ad,20,0.8602829153726108,0.0
apascal,20,0.8342022398681277,0.0
secom,20,0.5015247909984751,0.0
ad,20,0.8630896645498232,0.0
ad,20,0.8601118296018171,0.002469426752996193
secom,20,0.524114043850886,0.0
secom,20,0.5065658026184342,0.0
ad,20,0.8659358148302662,0.0
secom,20,0.5162863452337136,0.0
apascal,20,0.8380618278398652,0.0
bank-additional-full_normalised,20,0.6818839561011877,0.0
ad,20,0.8574359925215161,0.0
secom,20,0.5140451653609549,0.0
ad,20,0.859134875384354,0.0
secom,20,0.5043049056206951,0.0
secom,20,0.5078868499921132,0.0
ad,20,0.8671410250467405,0.0
apascal,20,0.8414099205571168,0.0
secom,20,0.5040025763709974,0.0
ad,20,0.8585392234119811,0.0
secom,20,0.5139794416110205,0.0
ad,20,0.8621177706701277,0.0
secom,20,0.5164243651085757,0.0
secom,20,0.5109134286765866,0.006784866310673763
ad,20,0.857848931534789,0.0
secom,20,0.5177651296072348,0.0
apascal,20,0.8352597234022467,0.0
ad,20,0.8634330722044531,0.0
secom,20,0.5072690467427309,0.0
ad,20,0.8625079188491787,0.0
secom,20,0.5147155476102845,0.0
secom,20,0.5139268626110731,0.0
ad,20,0.85166102690091,0.0
ad,20,0.8605755651354317,0.004348539864968938
u2r,20,0.9799628727885596,0.0
apascal,20,0.8493133618717731,0.0
secom,20,0.5125532362374468,0.0
ad,20,0.8612478561164418,0.0
secom,20,0.506638098743362,0.0
ad,20,0.8637872958482052,0.0
secom,20,0.5097468321152532,0.0
secom,20,0.5256651243493349,0.0
ad,20,0.8591951358951776,0.0
apascal,20,0.8516788572279227,0.0
secom,20,0.5155502392344499,0.0
ad,20,0.8615877872031397,0.0
secom,20,0.5324872495925127,0.0
secom,20,0.5156317366843683,0.007668184673820989
ad,20,0.8658369257868631,0.0
secom,20,0.5107063988642936,0.0
ad,20,0.8637370787558523,0.0
apascal,20,0.8670187224509655,0.0
apascal,20,0.8440590302739835,0.009464845167583459
secom,20,0.5330524738419475,0.0
ad,20,0.864467158021601,0.0
secom,20,0.49481439613018563,0.0
secom,20,0.529786003470214,0.0
bank-additional-full_normalised,20,0.6805091462148973,0.0
ad,20,0.8641001869620977,0.0
secom,20,0.5021097323728902,0.0
ad,20,0.8611111111111112,0.0
apascal,20,0.8259307216667029,0.0
secom,20,0.49622088437877915,0.0
ad,20,0.8580949952873189,0.0
ad,20,0.8623165530987809,0.0023467328694084413
secom,20,0.5326909932173091,0.0
secom,20,0.5040814448709185,0.0
ad,20,0.863200142153,0.0
secom,20,0.5085703769914297,0.0
ad,20,0.857296157233579,0.0
apascal,20,0.8478206308229672,0.0
secom,20,0.49599742362900257,0.0
secom,20,0.5108030127766969,0.014655041924588908
probe,20,0.9970834202648732,0.0
ad,20,0.8572397595760133,0.0
secom,20,0.5244360902255639,0.0
ad,20,0.8614456342032479,0.0
secom,20,0.5207292707292708,0.0
secom,20,0.5058494137441506,0.0
ad,20,0.8595613343840295,0.0
apascal,20,0.8407454759674386,0.0
secom,20,0.5060005783689994,0.0
ad,20,0.8647707782876743,0.0
secom,20,0.5157934171092066,0.0
ad,20,0.8621672151918294,0.0
secom,20,0.5171538987328461,0.0
ad,20,0.8613212503283425,0.0
secom,20,0.5093393448656607,0.0
apascal,20,0.8310488512007204,0.0
secom,20,0.5175022346074978,0.0
ad,20,0.8631939615877872,0.0
secom,20,0.5332759345917241,0.0
ad,20,0.8570601368995194,0.0
ad,20,0.8607256369845022,0.002650177982785651
secom,20,0.5050607287449393,0.0
secom,20,0.5155140911719859,0.008719610922199776
apascal,20,0.8436242820004501,0.0
ad,20,0.862376581838409,0.0
secom,20,0.5202100531047898,0.0
secom,20,0.5091684631158316,0.0
ad,20,0.8552299170259121,0.0
secom,20,0.5063423418686577,0.0
ad,20,0.8565181785874318,0.0
secom,20,0.5056456701193544,0.0
apascal,20,0.8328529271870393,0.0
ad,20,0.858929371591032,0.0
secom,20,0.4990207161259793,0.0
bank-additional-full_normalised,20,0.679882148369834,0.0
bank-additional-full_normalised,20,0.6777579278124564,0.0032287778980783326
ad,20,0.8596737434138352,0.0
secom,20,0.4962931805037068,0.0
secom,20,0.5009792838740207,0.0
ad,20,0.8617461641867149,0.0
apascal,20,0.8358606282087591,0.0
secom,20,0.517797991482202,0.0
ad,20,0.8600835921445016,0.0
secom,20,0.509451075240549,0.0
ad,20,0.861087161420912,0.0
secom,20,0.5036476681213524,0.0
secom,20,0.5068556443556445,0.007277792040763604
ad,20,0.857497798173643,0.0
secom,20,0.5189152952310847,0.0
apascal,20,0.8426276151159329,0.0
ad,20,0.8660092090421669,0.0
ad,20,0.859915171742456,0.0029717881425444024
secom,20,0.5231479047268521,0.0
secom,20,0.5142423366107577,0.0
ad,20,0.8659118651400671,0.0
secom,20,0.5144395078605604,0.0
ad,20,0.8551225297053415,0.0
apascal,20,0.8407568223572897,0.0
secom,20,0.5181068931068931,0.0
ad,20,0.8563211730712774,0.0
secom,20,0.5053104789946895,0.0
ad,20,0.8700512986912653,0.0
secom,20,0.5157276933592723,0.0
secom,20,0.5173182081076818,0.0
apascal,20,0.8495584438925561,0.0
apascal,20,0.8390826398419856,0.007152353609144795
ad,20,0.8575495604072993,0.0
u2r,20,0.9750736217865477,0.0
secom,20,0.49856722225143274,0.0
ad,20,0.8632781717888101,0.0
secom,20,0.505717966244282,0.0
secom,20,0.5131493506493505,0.0071693279110761525
ad,20,0.8589888595312041,0.0
apascal,20,0.8601192097103312,0.0
ad,20,0.8552349387351473,0.0
ad,20,0.8638402169378391,0.0
ad,20,0.8651304099259878,0.0
ad,20,0.8611429023934238,0.0049171905654693
apascal,20,0.829720869732552,0.0
bank-additional-full_normalised,20,0.6761115637253606,0.0
ad,20,0.8613745577033021,0.0
ad,20,0.8584272006675011,0.0
ad,20,0.8592947975092321,0.0
apascal,20,0.8467894709133027,0.0
ad,20,0.8571903150543116,0.0
ad,20,0.8592847540907615,0.0
ad,20,0.8620211993386795,0.0
apascal,20,0.8418301908372001,0.0
ad,20,0.8589950400964168,0.0
ad,20,0.8518340827268653,0.0
apascal,20,0.8520224259126128,0.0
ad,20,0.8581459849503237,0.0
ad,20,0.8615120752792842,0.0
ad,20,0.8588080007416676,0.002766926825918644
probe,20,0.9973210104718038,0.0
ad,20,0.8636520959841778,0.0
apascal,20,0.8467232079965725,0.0
ad,20,0.8608128988395989,0.0
ad,20,0.8631561056258594,0.0
ad,20,0.8648325839398012,0.0
apascal,20,0.8497522402312122,0.0
ad,20,0.8557486982184521,0.0
ad,20,0.8584998223087501,0.0
bank-additional-full_normalised,20,0.6834045886278979,0.0
ad,20,0.8630548988705016,0.0
apascal,20,0.8289347918436702,0.0
ad,20,0.8611698264806316,0.0
ad,20,0.8521353852809841,0.0
apascal,20,0.8446155026178391,0.0
ad,20,0.8567437692176949,0.0
ad,20,0.8599806084766453,0.003883167832829048
ad,20,0.8647027920703347,0.0
ad,20,0.8535283301657937,0.0
apascal,20,0.8523995799112623,0.0
apascal,20,0.8452907489706554,0.009286049232867332
ad,20,0.8634041008050185,0.0
ad,20,0.8668628996121697,0.0
apascal,20,0.8292838067954891,0.0
ad,20,0.8619593936865526,0.0
ad,20,0.8662139402648372,0.0
ad,20,0.8598935397642115,0.0
apascal,20,0.8328974050352553,0.0
ad,20,0.8552303033112378,0.0
ad,20,0.8579648171325267,0.0
u2r,20,0.9809300680612462,0.0
ad,20,0.8595234784221017,0.0
ad,20,0.8609283595234783,0.004285442832025822
apascal,20,0.8353613870553123,0.0
ad,20,0.8614896707303884,0.0
bank-additional-full_normalised,20,0.6767985440969457,0.0
ad,20,0.860872386779771,0.0
apascal,20,0.8674067689838718,0.0
ad,20,0.8652482269503545,0.0
ad,20,0.8698230040637216,0.0
ad,20,0.8596942165361021,0.0
apascal,20,0.8361992044819148,0.0
ad,20,0.8626411872865773,0.0
ad,20,0.8600658230195152,0.0
ad,20,0.8601392172314157,0.0
apascal,20,0.8360984485400373,0.0
ad,20,0.8548687402462956,0.0
ad,20,0.8621332220831596,0.0
ad,20,0.8616975694927301,0.0036901436522633287
apascal,20,0.8409596958078266,0.0
ad,20,0.861809514980145,0.0
ad,20,0.8532115761986434,0.0
ad,20,0.8601434663699995,0.0
apascal,20,0.8421950907348104,0.0
ad,20,0.865805636675474,0.0
ad,20,0.8680078493178202,0.0
apascal,20,0.857406060969145,0.0
ad,20,0.8631684667562848,0.0
probe,20,0.9972104651658529,0.0
bank-additional-full_normalised,20,0.6812359301702438,0.0
ad,20,0.8565301534325314,0.0
ad,20,0.8667454688731284,0.0
apascal,20,0.8488045897508514,0.0
apascal,20,0.8426612458154514,0.011326996178149007
ad,20,0.8642570188043697,0.0
ad,20,0.8616268020210449,0.0
ad,20,0.8621305953429441,0.004360772735909518
apascal,20,0.8497644943322514,0.0
ad,20,0.863873823761183,0.0
ad,20,0.8643960815216551,0.0
ad,20,0.8591777530555169,0.0
apascal,20,0.8435235260585727,0.0
ad,20,0.8631537879139046,0.0
ad,20,0.8575990049290008,0.0
apascal,20,0.8487669197365459,0.0
ad,20,0.8621405615043496,0.0
ad,20,0.8607109195135896,0.0
ad,20,0.8541873329315968,0.0
apascal,20,0.8488277363861476,0.0
ad,20,0.858363849874071,0.0
ad,20,0.856672692717749,0.0
ad,20,0.8600275807722617,0.0032145629781391285
bank-additional-full_normalised,20,0.6752012940941152,0.0
apascal,20,0.8385265759681648,0.0
ad,20,0.8639495356850383,0.0
u2r,20,0.9758082472035882,0.0
ad,20,0.8666450346884222,0.0
ad,20,0.8546956844203402,0.0
apascal,20,0.8095991819706774,0.0
ad,20,0.8593550580200559,0.0
ad,20,0.8610075866437986,0.0
apascal,20,0.8240494902293969,0.0
ad,20,0.8639680773806764,0.0
ad,20,0.8635964708972635,0.0
ad,20,0.8584874611783248,0.0
apascal,20,0.8454387966654322,0.0
ad,20,0.8552573432840433,0.0
ad,20,0.8590576183191952,0.0
ad,20,0.8606019870517159,0.00374228899823313
apascal,20,0.8219976090887307,0.0
ad,20,0.8672066935521254,0.0
ad,20,0.8570365734946461,0.0
ad,20,0.8651215253634945,0.0
apascal,20,0.8552398082187802,0.0
apascal,20,0.8385734138654699,0.014173618931786564
ad,20,0.8603825769866655,0.0
bank-additional-full_normalised,20,0.6733476795277256,0.0
ad,20,0.8607858588667934,0.0
apascal,20,0.8403987302935901,0.0
ad,20,0.8633685625550456,0.0
ad,20,0.8628903413217138,0.0
ad,20,0.8588652482269504,0.0
apascal,20,0.8349928563129497,0.0
ad,20,0.8562481651447025,0.0
probe,20,0.9973042692260432,0.0
ad,20,0.8564123364081645,0.0
ad,20,0.8608317881920302,0.003587897950894665
apascal,20,0.8472896197779376,0.0
ad,20,0.8620876404147158,0.0
ad,20,0.8541479318283656,0.0
apascal,20,0.8424660425244538,0.0
ad,20,0.8606722909810103,0.0
ad,20,0.8605564053832724,0.0
ad,20,0.8523285279438804,0.0
apascal,20,0.8326132914333848,0.0
ad,20,0.8579868353960971,0.0
ad,20,0.8680109396004265,0.0
apascal,20,0.8237662843387142,0.0
ad,20,0.8584666017707319,0.0
bank-additional-full_normalised,20,0.6831330515278915,0.0
ad,20,0.860760364035291,0.0
ad,20,0.863076917134072,0.0
ad,20,0.8598094454487862,0.004224686346794955
apascal,20,0.8575735336833468,0.0
ad,20,0.8589695452649145,0.0
u2r,20,0.9780465782481389,0.0
ad,20,0.8545037006134211,0.0
apascal,20,0.8370429220312398,0.0
ad,20,0.8615337072575289,0.0
ad,20,0.8576747168528562,0.0
apascal,20,0.8612937879877133,0.0
ad,20,0.8590912251425393,0.0
ad,20,0.8612540366816545,0.0
apascal,20,0.8539494967649174,0.0
apascal,20,0.8431386565148248,0.01126775487628899
ad,20,0.8558452695499004,0.0
ad,20,0.8610832985676539,0.0
apascal,20,0.8405421486613075,0.0
ad,20,0.8549826944174045,0.0
ad,20,0.8666674392373183,0.0
ad,20,0.8591605633585191,0.0034992242962716435
bank-additional-full_normalised,20,0.6900399934615981,0.0
apascal,20,0.8442365331968136,0.0
apascal,20,0.8267680852377115,0.0
apascal,20,0.8338368861149235,0.0
apascal,20,0.8481428682947374,0.0
probe,20,0.9973171757519987,0.0
apascal,20,0.836681652978382,0.0
apascal,20,0.8411916160163824,0.0
bank-additional-full_normalised,20,0.6857207915995215,0.0
apascal,20,0.8448533229491173,0.0
apascal,20,0.8470581534249759,0.0
u2r,20,0.9796683422119572,0.0
apascal,20,0.8625210135140042,0.0
apascal,20,0.8425832280388356,0.009076811177930279
apascal,20,0.835913729313262,0.0
apascal,20,0.8279939491972201,0.0
apascal,20,0.8374050987952857,0.0
bank-additional-full_normalised,20,0.6866152341464979,0.0
bank-additional-full_normalised,20,0.6811608670977798,0.005285821463552323
apascal,20,0.8374922390693418,0.0
apascal,20,0.8421392664967431,0.0
apascal,20,0.8304579312172771,0.0
apascal,20,0.8658160051267528,0.0
apascal,20,0.8303081588712431,0.0
bank-additional-full_normalised,20,0.6881388504677836,0.0
probe,20,0.9971701689160004,0.0
apascal,20,0.8432407740234844,0.0
apascal,20,0.8500004992411534,0.0
apascal,20,0.8400767651351764,0.010678690727816301
apascal,20,0.8382892094924805,0.0
u2r,20,0.9748293257196927,0.0
u2r,20,0.9777953043617742,0.002087094593433542
apascal,20,0.8265202800833642,0.0
apascal,20,0.8316043704478283,0.0
apascal,20,0.8456770708523045,0.0
bank-additional-full_normalised,20,0.6869486289640832,0.0
apascal,20,0.8660293172559528,0.0
apascal,20,0.8470654151144805,0.0
apascal,20,0.8453044554095956,0.0
apascal,20,0.8416050784625551,0.0
apascal,20,0.8357426257543081,0.0
bank-additional-full_normalised,20,0.682847975312579,0.0
apascal,20,0.8363943623873531,0.0
apascal,20,0.8414232185260222,0.010278009059048118
apascal,20,0.8235575107654547,0.0
probe,20,0.9972719949881798,0.0
probe,20,0.9972598744213247,8.222221228408282e-05
apascal,20,0.8509195568190895,0.0
apascal,20,0.8462316823882244,0.0
u2r,20,0.9751328319147514,0.0
apascal,20,0.8132931126505892,0.0
apascal,20,0.8510679675983415,0.0
bank-additional-full_normalised,20,0.6807719737010941,0.0
apascal,20,0.8398155258552455,0.0
apascal,20,0.8529038134762434,0.0
apascal,20,0.8338727407068529,0.0
apascal,20,0.8355642605058493,0.0
apascal,20,0.8245078843793797,0.0
apascal,20,0.837173405514527,0.012837657824494376
bank-additional-full_normalised,20,0.6846107256682756,0.0
apascal,20,0.8461177646341198,0.0
apascal,20,0.8473486210051631,0.0
apascal,20,0.8510879372444793,0.0
apascal,20,0.8418991768874946,0.0
probe,20,0.9973502739792417,0.0
u2r,20,0.9729296795038278,0.0
apascal,20,0.8465861436071717,0.0
bank-additional-full_normalised,20,0.6772562912070287,0.0
apascal,20,0.8293636853800405,0.0
apascal,20,0.8450089954178739,0.0
apascal,20,0.8395187042967417,0.0
apascal,20,0.8270499295616117,0.0
apascal,20,0.8248682457210494,0.0
apascal,20,0.8398849203755745,0.008923847464300376
apascal,20,0.8522411843089412,0.0
bank-additional-full_normalised,20,0.6846924085189812,0.0
apascal,20,0.8456357699932466,0.0
apascal,20,0.8341160073052596,0.0
apascal,20,0.8412819332795969,0.0
apascal,20,0.8521853600708742,0.0
apascal,20,0.8287464417721427,0.0
u2r,20,0.9777622538183294,0.0
bank-additional-full_normalised,20,0.680217147124424,0.0
apascal,20,0.8350214492153745,0.0
probe,20,0.9973004899670617,0.0
apascal,20,0.8438312401513336,0.0
apascal,20,0.8319279694863807,0.0
apascal,20,0.8384362587049503,0.0
apascal,20,0.8403423614288099,0.007738824274368406
apascal,20,0.845917160461553,0.0
apascal,20,0.8551544833671001,0.0
bank-additional-full_normalised,20,0.6841820499164066,0.0
apascal,20,0.8220634181498667,0.0
apascal,20,0.8356840783826764,0.0
apascal,20,0.8392981304780371,0.0
apascal,20,0.8395364046649093,0.0
apascal,20,0.8315004375167927,0.0
bank-additional-full_normalised,20,0.6762348192079948,0.0
bank-additional-full_normalised,20,0.6825900870088651,0.0037237674292299517
apascal,20,0.8326241839676418,0.0
u2r,20,0.9773672542222323,0.0
apascal,20,0.8467059614839989,0.0
apascal,20,0.8457215487005206,0.0
apascal,20,0.8394205807173096,0.008981763968399404
probe,20,0.9972454411381245,0.0
apascal,20,0.8232847435534352,0.0
apascal,20,0.8592596072152147,0.0
apascal,20,0.8081881449287991,0.0
bank-additional-full_normalised,20,0.6780199539198334,0.0
apascal,20,0.8447285126607557,0.0
apascal,20,0.8497050392494319,0.0
apascal,20,0.8207676604288754,0.0
apascal,20,0.8468008173031538,0.0
apascal,20,0.8493723630989987,0.0
bank-additional-full_normalised,20,0.6825992766244108,0.0
apascal,20,0.836372123463245,0.0
u2r,20,0.9783363314794338,0.0
apascal,20,0.8639511124908321,0.0
apascal,20,0.840243012439274,0.01693834386453768
apascal,20,0.8206128956713069,0.0
apascal,20,0.8380672741069937,0.0
apascal,20,0.8402861741062675,0.0
probe,20,0.9971954352826501,0.0
apascal,20,0.8427655872165218,0.0
bank-additional-full_normalised,20,0.6769096344250168,0.0
apascal,20,0.8589346466098803,0.0
apascal,20,0.8217606964686404,0.0
apascal,20,0.8563367771895809,0.0
apascal,20,0.8524576734272996,0.0
apascal,20,0.8302591424670864,0.0
bank-additional-full_normalised,20,0.6671683706924857,0.0
apascal,20,0.8394978269394158,0.0
apascal,20,0.8400978694202994,0.012631877384770602
apascal,20,0.8345063231161363,0.0
u2r,20,0.9784501915425932,0.0
apascal,20,0.856144342417707,0.0
apascal,20,0.827521485523822,0.0
apascal,20,0.8380890591755078,0.0
bank-additional-full_normalised,20,0.6744624452302688,0.0
apascal,20,0.8502315117385211,0.0
apascal,20,0.822269468589562,0.0
probe,20,0.9973243420827088,0.0
apascal,20,0.8558752060504397,0.0
apascal,20,0.8279199707353913,0.0
apascal,20,0.8534252935537983,0.0
apascal,20,0.8541569087713947,0.0
apascal,20,0.842013956967228,0.012677880316558832
bank-additional-full_normalised,20,0.6831658142999475,0.0
apascal,20,0.827851438540691,0.0
apascal,20,0.8495838598058225,0.0
apascal,20,0.8371904250993036,0.0
u2r,20,0.9786822547101006,0.0
apascal,20,0.8323169237304752,0.0
apascal,20,0.8518894462235584,0.0
bank-additional-full_normalised,20,0.6799043794084679,0.0
apascal,20,0.8445179236651199,0.0
apascal,20,0.844689481079668,0.0
apascal,20,0.8565169578604158,0.0
apascal,20,0.8494713036184999,0.0
probe,20,0.9973662546194211,0.0
apascal,20,0.8333249370048436,0.0
apascal,20,0.8427352696628396,0.009068506155033918
bank-additional-full_normalised,20,0.6813147530597456,0.0
apascal,20,0.8475868951920353,0.0
apascal,20,0.8370283986522303,0.0
apascal,20,0.8419636243818487,0.0
apascal,20,0.8485558768853161,0.0
u2r,20,0.9793921247923665,0.0
creditcard,20,0.9477661685503126,0.0
apascal,20,0.8489321231727773,0.0
apascal,20,0.8271602164709642,0.0
bank-additional-full_normalised,20,0.6834718891170043,0.0
apascal,20,0.8437863084475233,0.0
apascal,20,0.8455336524845871,0.0
apascal,20,0.8424769350587108,0.0
apascal,20,0.844081314583651,0.0
apascal,20,0.8427105345329645,0.006183630904352784
apascal,20,0.8438847951114307,0.0
bank-additional-full_normalised,20,0.6748914806885984,0.0
bank-additional-full_normalised,20,0.6781907997465778,0.004824120971362184
apascal,20,0.8519479935951899,0.0
probe,20,0.9972241441818518,0.0
apascal,20,0.8593735249693194,0.0
apascal,20,0.8558112124116797,0.0
apascal,20,0.8497123009389365,0.0
u2r,20,0.9758773739425057,0.0
apascal,20,0.8229479827026556,0.0
bank-additional-full_normalised,20,0.6792304133345662,0.0
apascal,20,0.8663002690455962,0.0
apascal,20,0.8206364961621971,0.0
apascal,20,0.8319098152626191,0.0
apascal,20,0.8440322981794944,0.0
apascal,20,0.8446556688379119,0.014490968229444201
apascal,20,0.8306508198447451,0.0
bank-additional-full_normalised,20,0.6872628001249184,0.0
apascal,20,0.8473322822037775,0.0
apascal,20,0.8320024018038037,0.0
apascal,20,0.8527762800543175,0.0
probe,20,0.9972632638699459,0.0
apascal,20,0.8542481337457973,0.0
apascal,20,0.8386713559026644,0.0
apascal,20,0.8441180768867684,0.0
u2r,20,0.9805897184001047,0.0
u2r,20,0.9774520014326245,0.0021287114862880976
bank-additional-full_normalised,20,0.6828153835485125,0.0
apascal,20,0.8406224811014531,0.0
apascal,20,0.8597933413938088,0.0
apascal,20,0.8539721895446194,0.0
apascal,20,0.8454187362481755,0.009401364316404493
apascal,20,0.8505886960910326,0.0
apascal,20,0.8574210382037486,0.0
bank-additional-full_normalised,20,0.6807099449755258,0.0
apascal,20,0.8268266326093429,0.0
census,20,0.5636147408309887,0.0
apascal,20,0.8382955634707971,0.0
apascal,20,0.8450902355692076,0.0
apascal,20,0.8553328486155589,0.0
apascal,20,0.8372249181244509,0.0
probe,20,0.9973475405529344,0.0
bank-additional-full_normalised,20,0.6814548557777586,0.0
apascal,20,0.8429757223565635,0.0
u2r,20,0.9792275959153407,0.0
apascal,20,0.8387430650865231,0.0
apascal,20,0.8458431819997241,0.0
apascal,20,0.8438341902126949,0.008708220440827245
apascal,20,0.8558080354225214,0.0
apascal,20,0.8367415619167955,0.0
bank-additional-full_normalised,20,0.6753312365788212,0.0
apascal,20,0.8356060152205012,0.0
apascal,20,0.8476921896898533,0.0
apascal,20,0.8465752510729146,0.0
apascal,20,0.8571555326812337,0.0
apascal,20,0.8394837574160005,0.0
bank-additional-full_normalised,20,0.6835526343721813,0.0
apascal,20,0.8574028839799868,0.0
apascal,20,0.8387072104945936,0.0
u2r,20,0.9788454082907498,0.0
probe,20,0.9972531105777346,0.0
probe,20,0.9972870296251675,5.5946794746773704e-05
apascal,20,0.8218777912119034,0.0
apascal,20,0.8437050229106304,0.010828089402040282
apascal,20,0.8418959998983363,0.0
apascal,20,0.8389600080604753,0.0
bank-additional-full_normalised,20,0.6794136159627585,0.0
apascal,20,0.8420503108003108,0.0
apascal,20,0.8437622541010392,0.0
apascal,20,0.8406174886899186,0.0
apascal,20,0.8283570336724542,0.0
apascal,20,0.8365509425672977,0.0
bank-additional-full_normalised,20,0.6780501102942564,0.0
apascal,20,0.8405521334843765,0.0
apascal,20,0.8622900010166366,0.0
apascal,20,0.8504371083226223,0.0
apascal,20,0.8425473280613467,0.00843838911067262
u2r,20,0.9794519139927287,0.0
apascal,20,0.8393380697703128,0.0
apascal,20,0.8166747906817999,0.0
probe,20,0.9973059568196764,0.0
apascal,20,0.8254564425709285,0.0
bank-additional-full_normalised,20,0.6811922641646507,0.0
bank-additional-full_normalised,20,0.6809013259133948,0.0030943437075329713
apascal,20,0.8377836143607171,0.0
apascal,20,0.8605639881924929,0.0
apascal,20,0.8419314006346716,0.0
apascal,20,0.83155626175486,0.0
apascal,20,0.8595478055174316,0.0
bank-additional-full_normalised,20,0.681935818696622,0.0
apascal,20,0.8368477641258015,0.0
apascal,20,0.8459639075877393,0.0
apascal,20,0.8395664045196755,0.012979125696941254
apascal,20,0.8338945257753669,0.0
u2r,20,0.9790630670383151,0.0
apascal,20,0.8242478251239933,0.0
apascal,20,0.849440441438105,0.0
bank-additional-full_normalised,20,0.6850565376000574,0.0
apascal,20,0.8309667033381987,0.0
probe,20,0.9972350699641063,0.0
apascal,20,0.8351898296407642,0.0
apascal,20,0.8381684839044652,0.0
apascal,20,0.8264463016215353,0.0
apascal,20,0.855398203821101,0.0
bank-additional-full_normalised,20,0.6765446974786111,0.0
apascal,20,0.8311400761751229,0.0
apascal,20,0.8427152092455831,0.0
apascal,20,0.8367607600084235,0.009404114402226507
apascal,20,0.8284659590150244,0.0
apascal,20,0.8422613536515405,0.0
u2r,20,0.9778209572583945,0.0
apascal,20,0.8524413346259141,0.0
bank-additional-full_normalised,20,0.6813957223943572,0.0
apascal,20,0.8345117693832647,0.0
apascal,20,0.8483457417452746,0.0
apascal,20,0.8206092648265545,0.0
probe,20,0.9973178452433696,0.0
apascal,20,0.8531829346665796,0.0
apascal,20,0.8513071494964017,0.0
bank-additional-full_normalised,20,0.6656313390892656,0.0
apascal,20,0.8596925854519313,0.0
apascal,20,0.8520142565119201,0.0
apascal,20,0.8442832349374406,0.01191229609429848
bank-additional-full_normalised,20,0.6892138066897382,0.0
u2r,20,0.9746653759148255,0.0
probe,20,0.9972124776014532,0.0
bank-additional-full_normalised,20,0.6752492883708906,0.0
bank-additional-full_normalised,20,0.6899440520826651,0.0
u2r,20,0.9760760680768811,0.0
bank-additional-full_normalised,20,0.6895073861299076,0.0
probe,20,0.997293937666899,0.0
bank-additional-full_normalised,20,0.6772846313586667,0.0
bank-additional-full_normalised,20,0.6811763279890781,0.007348029317002359
